{"cameraMode":{"drawMode":0,"name":"Shaded","section":"Shading Mode"},"sceneLighting":false,"audioPlay":false,"sceneViewState":{"showFog":false,"showMaterialUpdate":false,"showSkybox":false,"showFlares":false,"showImageEffects":false,"showParticleSystems":true},"in2DMode":false,"pivot":{"x":558.4318237304688,"y":226.54212951660157,"z":303.4205322265625},"rotation":{"x":0.004809353034943342,"y":0.028802499175071718,"z":-0.0001396196021232754,"w":0.9995735883712769},"size":1336.8677978515625,"orthographic":false}