{"cameraMode":{"drawMode":0,"name":"Shaded","section":"Shading Mode"},"sceneLighting":true,"audioPlay":false,"sceneViewState":{"showFog":false,"showMaterialUpdate":false,"showSkybox":false,"showFlares":false,"showImageEffects":false,"showParticleSystems":true},"in2DMode":false,"pivot":{"x":2.1861000061035158,"y":0.08727890253067017,"z":1.866722822189331},"rotation":{"x":0.14935936033725739,"y":0.819292426109314,"z":-0.24700091779232026,"w":0.4954214096069336},"size":1.7796576023101807,"orthographic":false}