{"cameraMode":{"drawMode":0,"name":"Shaded","section":"Shading Mode"},"sceneLighting":true,"audioPlay":false,"sceneViewState":{"showFog":false,"showMaterialUpdate":false,"showSkybox":false,"showFlares":false,"showImageEffects":false,"showParticleSystems":true},"in2DMode":false,"pivot":{"x":406.649658203125,"y":125.47379302978516,"z":91.0006103515625},"rotation":{"x":-0.004814612679183483,"y":0.0011631144443526865,"z":-0.000005073151896795025,"w":-0.999987781047821},"size":365.52825927734377,"orthographic":false}