{"cameraMode":{"drawMode":0,"name":"Shaded","section":"Shading Mode"},"sceneLighting":false,"audioPlay":false,"sceneViewState":{"showFog":false,"showMaterialUpdate":false,"showSkybox":false,"showFlares":false,"showImageEffects":false,"showParticleSystems":true},"in2DMode":false,"pivot":{"x":569.65380859375,"y":529.0511474609375,"z":180.02099609375},"rotation":{"x":0.028762510046362878,"y":0.055754683911800387,"z":-0.0016078527551144362,"w":0.9980288743972778},"size":1336.8677978515625,"orthographic":false}